,UserId,ProductId,Rating,Timestamp,user,book
0,A39HTATAQ9V7YF,0205616461,5.0,1369699200,570,0
1,A3JM6GV9MNOF9X,0558925278,3.0,1355443200,647,1
2,A1Z513UWSAAO0F,0558925278,5.0,1404691200,250,1
3,A1WMRR494NWEWV,0733001998,4.0,1382572800,235,2
4,A3IAAVS479H7M7,0737104473,1.0,1274227200,643,3
5,AKJHHD5VEH7VG,0762451459,5.0,1404518400,839,4
6,A1BG8QW55XHN6U,1304139212,5.0,1371945600,89,5
7,A22VW0P4VZHDE3,1304139220,5.0,1373068800,280,6
8,A3V3RE4132GKRO,130414089X,5.0,1401840000,710,7
9,A327B0I7CYTEJC,130414643X,4.0,1389052800,520,8
10,A1BG8QW55XHN6U,130414643X,5.0,1372032000,89,8
11,AIFAAVTUYHEHB,130414643X,4.0,1378252800,828,8
12,AVOGV98AYOFG2,1304146537,5.0,1372118400,911,9
13,A22VW0P4VZHDE3,130414674X,5.0,1371686400,280,10
14,AVOGV98AYOFG2,1304168522,5.0,1372118400,911,11
15,A6R426V4J7AOM,1304168522,5.0,1373414400,737,11
16,A22VW0P4VZHDE3,1304174778,5.0,1372896000,280,12
17,AKGB62WGF35J8,1304174778,5.0,1372896000,838,12
18,A22VW0P4VZHDE3,1304174867,5.0,1373068800,280,13
19,A1BG8QW55XHN6U,1304174867,5.0,1372291200,89,13
20,A1BG8QW55XHN6U,1304174905,5.0,1372291200,89,14
21,A22VW0P4VZHDE3,1304196046,5.0,1372896000,280,15
22,A22VW0P4VZHDE3,1304196062,5.0,1372896000,280,16
23,A3A4C2K3TWDAO5,1304196070,1.0,1378425600,578,17
24,A3FV2Q7WPZMQPV,1304196135,5.0,1375488000,618,18
25,A22VW0P4VZHDE3,1304196135,5.0,1372896000,280,18
26,A1RXI3A1E99112,1304351475,5.0,1405296000,208,19
27,A26QL1FBQO9C0E,1304351475,5.0,1392076800,305,19
28,A19KEEVZYO1KO6,1304351475,4.0,1388707200,71,19
29,A1F6HRR58TQ2R0,1304351475,5.0,1394928000,118,19
30,AVQP6PO1NK0IJ,1304351475,1.0,1389657600,912,19
31,A32IWHU4TUEQZR,1304351475,4.0,1383523200,526,19
32,ASPJCWRXUOYYY,1304351475,5.0,1392681600,887,19
33,A1LAW520BT5AM0,1304351475,1.0,1392422400,158,19
34,A3SWQ2QQ7JBPFA,1304351475,5.0,1402790400,693,19
35,A2D7CPCZH5VFVZ,1304351475,1.0,1396742400,352,19
36,A274NIJWOQWE30,1304351475,5.0,1385251200,310,19
37,A2OMU0R0VM5O9I,1304351475,1.0,1397606400,432,19
38,A2YFDS6DYGFLVQ,1304351475,5.0,1405036800,496,19
39,AKA7T9TPISJ26,1304351475,1.0,1399680000,837,19
40,AN33X95J5460X,1304351475,4.0,1395187200,858,19
41,A2UEOW698J0SSR,1304351475,5.0,1397779200,472,19
42,A22ZFXQE8AWPEP,1304482596,1.0,1383177600,281,20
43,A6R426V4J7AOM,1304482596,5.0,1384992000,737,20
44,A9ZNJ2AXPO652,1304482634,2.0,1386028800,760,21
45,A169NC0ZW6XKRD,1304482685,3.0,1391558400,48,22
46,AZWRTJPN7NXT,1304482685,5.0,1383004800,946,22
47,A22ZFXQE8AWPEP,1304482685,1.0,1383177600,281,22
48,AH344ZAN5GNOM,1304482685,5.0,1391558400,817,22
49,A1YQUT1H2ENJ8U,1304482685,4.0,1383004800,248,22
50,A22VW0P4VZHDE3,1304482685,5.0,1384128000,280,22
51,A6R426V4J7AOM,1304488608,5.0,1384732800,737,23
52,A22ZFXQE8AWPEP,1304495396,1.0,1384992000,281,24
53,A6R426V4J7AOM,1304495396,5.0,1384992000,737,24
54,A3C744AK5A6MMI,1304495396,5.0,1385856000,594,24
55,A2H6SFTV2892Z8,1304511073,5.0,1384992000,389,25
56,A225CH9TTQPC4B,1304511073,1.0,1393891200,270,25
57,A2F6NPTGDMFXN9,1304511073,1.0,1385596800,374,25
58,A2H6SFTV2892Z8,1304511081,5.0,1384992000,389,26
59,A1DC0DSF3H3BCW,1304511081,3.0,1391817600,102,26
60,A3TR91FJ4MNFY9,1304511081,5.0,1391558400,698,26
61,A22ZFXQE8AWPEP,1304511111,1.0,1384992000,281,27
62,A3IANSH41YHFP1,1304511111,5.0,1389830400,645,27
63,A2NRG4NQMLHDJQ,1304511111,1.0,1385769600,425,27
64,A6R426V4J7AOM,130451112X,5.0,1383868800,737,28
65,A2H6SFTV2892Z8,1304511138,5.0,1384992000,389,29
66,A22ZFXQE8AWPEP,1304511138,1.0,1384992000,281,29
67,A32G79IU2NJ2HS,1304511138,1.0,1388188800,524,29
68,A2H6SFTV2892Z8,1304511146,5.0,1384992000,389,30
69,A3L2VTHD6W1E2Z,1304511146,2.0,1386201600,654,30
70,A3L2VTHD6W1E2Z,1304511154,1.0,1386201600,654,31
71,A1BG8QW55XHN6U,1304511154,5.0,1384732800,89,31
72,A2H6SFTV2892Z8,1304622193,5.0,1384992000,389,32
73,A22VW0P4VZHDE3,1304622193,5.0,1385856000,280,32
74,A2H6SFTV2892Z8,1304622223,5.0,1384992000,389,33
75,A6R426V4J7AOM,1304622428,5.0,1384992000,737,34
76,A15THVWZS6GQZY,1304622428,5.0,1388102400,43,34
77,A1BG8QW55XHN6U,1304622452,5.0,1385424000,89,35
78,A2H6SFTV2892Z8,1304622460,5.0,1384992000,389,36
79,A1VCW66KPTNUV8,1304622622,1.0,1385424000,229,37
80,AO5JB67V93FBL,1304622622,5.0,1388620800,862,37
81,A1GWD6BDCLGC82,1304622622,1.0,1388016000,128,37
82,AJ85OD05LNNUY,1304622657,2.0,1404172800,832,38
83,A1E5CS6UI1LWQF,1304622657,5.0,1390608000,110,38
84,A1SWCNGOR3GMOQ,1304622657,5.0,1393286400,214,38
85,A1BG8QW55XHN6U,1304622657,5.0,1385596800,89,38
86,A22ZFXQE8AWPEP,1304622665,1.0,1386028800,281,39
87,A22ZFXQE8AWPEP,1304624498,1.0,1385683200,281,40
88,A2IOZRH02O4C9S,1304624498,1.0,1392076800,395,40
89,A2H6SFTV2892Z8,1304624544,5.0,1384992000,389,41
90,A1RGXKJ4RFIOCX,1304624544,1.0,1394755200,205,41
91,A11OEJ4R1PDTLN,1304624544,1.0,1391385600,15,41
92,A22ZFXQE8AWPEP,1304651029,1.0,1386028800,281,42
93,A1BG8QW55XHN6U,1304651029,5.0,1385424000,89,42
94,A1BG8QW55XHN6U,1304651088,5.0,1385424000,89,43
95,A1BG8QW55XHN6U,130465110X,5.0,1385424000,89,44
96,A1BG8QW55XHN6U,1304651118,5.0,1385424000,89,45
97,A6R426V4J7AOM,1304651347,5.0,1385856000,737,46
98,A1BG8QW55XHN6U,1304665704,5.0,1385596800,89,47
99,AZ4FR14IPKML7,1304665720,5.0,1388966400,942,48
100,A251DS38L87XWF,1304665720,1.0,1391299200,290,48
101,A1BG8QW55XHN6U,1304665720,5.0,1385596800,89,48
102,A22ZFXQE8AWPEP,130466578X,1.0,1386028800,281,49
103,A1Z03R982SX8V2,1403790965,4.0,1389916800,249,50
104,A1ZY0K46FYOTB6,1403790965,5.0,1357603200,260,50
105,A3MAATZ091QZGE,1403790965,5.0,1372550400,664,50
106,A35XCJ5P6ZKRE9,1403790965,5.0,1340755200,547,50
107,A2B3YKKXVN28TW,1403790965,5.0,1385856000,338,50
108,A2RDR51FRB58LD,1403790965,5.0,1328918400,451,50
109,A2MSCG0YX85RL4,1403790965,5.0,1375833600,423,50
110,A2P8AUMTM6O605,1403790965,5.0,1403913600,440,50
111,A3SN6TKIXQI7RP,1403790965,5.0,1375488000,689,50
112,A1MLJHYS35C4X6,1403790965,5.0,1373414400,165,50
113,A2FTLN4PYZE7S6,1403790965,5.0,1403827200,382,50
114,ATPHIBSTV1NY5,1412759676,5.0,1356739200,892,51
115,A1QWS6V26JZ5OX,1412759676,5.0,1371340800,195,51
116,A1VK4ALI1QOF5U,1412759676,4.0,1356912000,230,51
117,A1GIXQUBPA0DPT,1412759676,5.0,1298246400,125,51
118,A22L53OZ7IDQX3,1412759676,5.0,1310774400,275,51
119,AAOU507M8SF9E,1412759676,5.0,1320019200,770,51
120,A2DIOCFQZQFD9O,1451646526,4.0,1331510400,354,52
121,A17Z7DO3IFHZOE,1457982633,5.0,1399593600,58,53
122,A120LZ9VNR3YI0,1572671203,3.0,1294617600,20,54
123,A39QH03VD9U048,1572671203,3.0,1373155200,573,54
124,A95YCV8FK2LCM,1572671203,4.0,1295395200,755,54
125,AP57TEKK91CIM,1572671203,5.0,1375833600,868,54
126,A3OQ3FVYBU7SBD,1879187396,5.0,1382400000,676,55
127,A2GDJP70RVLDKY,1906987238,5.0,1373068800,384,56
128,A2BQ8DVGEGWAFY,1929099886,4.0,1355011200,341,57
129,A2A0EW34FZH9Z7,1987958179,5.0,1394755200,333,58
130,A1D6UAVLQUS41B,3222000565,5.0,1381449600,101,59
131,A2VRUBSVHDDOU9,3222000565,5.0,1382486400,480,59
132,A276N142RFK6EF,3222000565,5.0,1404345600,311,59
133,A2HNQ3JHXDSVMW,322700075X,3.0,1361491200,391,60
134,ADURH4ZDRMZV6,3227001055,4.0,1369440000,789,61
135,AXVLSEEYTC4Z9,3227001055,1.0,1372809600,931,61
136,AGGXC77INUISD,3227001055,5.0,1405296000,811,61
137,A10REFE1TW3ZVT,3227001381,5.0,1350691200,9,62
138,A3M7ROZKQW6F69,3227001381,4.0,1351814400,663,62
139,A271KYL82709TY,3227001381,5.0,1382400000,309,62
140,A1OON4OPP58E26,3227001381,5.0,1372204800,181,62
141,A3COLQK8Y9V9A5,3227001381,5.0,1345680000,598,62
142,A28H0PAQPYKN94,3227001381,5.0,1371859200,318,62
143,AYI1LDJYGG0ZK,3227001381,4.0,1357257600,938,62
144,A3T5EYVSBN3QQX,3227001381,2.0,1363219200,695,62
145,A3E4N6O6WC8LEX,3227001381,5.0,1323216000,611,62
146,A30IURTQM5NNA4,3227001381,5.0,1376524800,511,62
147,A100GYE1W4OXZ8,3227001381,5.0,1372032000,3,62
148,A1ZWS1H6H06Y2J,3227001381,5.0,1342915200,259,62
149,A3BMQUL5QATQIW,3227001381,5.0,1368057600,587,62
150,AI5JNFT6YBQQY,3227001381,5.0,1362873600,825,62
151,A2H79ANDK766S1,3227001381,4.0,1404432000,390,62
152,A3LO1A9N0F0TXE,3227001381,5.0,1345507200,660,62
153,A2JYNUBR7H2W41,3227001381,5.0,1339027200,403,62
154,A2O9UKJ2FR0GZ4,3227001381,5.0,1389225600,427,62
155,A1O5Z4ZKPMHORQ,3227001381,5.0,1326499200,175,62
156,A366PG2T9L9VSW,3227001381,2.0,1373068800,550,62
157,A11AT6B3912DCU,3227001381,5.0,1356652800,12,62
158,A2RCLQ2PS3PN8H,3227001381,5.0,1384300800,449,62
159,A445U3NN5XBYK,3227001381,3.0,1374451200,718,62
160,A3GAMJUEB4A4J9,3227001381,5.0,1381363200,625,62
161,A7BCFTL2PU1NZ,3227001381,5.0,1359676800,741,62
162,A87X19PQJFYFA,3292000971,5.0,1371859200,749,63
163,A2F5SHIP4HF9,3292000971,5.0,1371254400,373,63
164,A305WEYT5UZKCZ,3292000971,5.0,1365724800,506,63
165,A2E8U0H25VGG3O,3423470476,1.0,1322438400,362,64
166,A2S1HDSZ0OGW1M,360211600X,5.0,1332028800,454,65
167,AFRE5F3MKUKME,360211600X,1.0,1392595200,807,65
168,A11Q1HQ84F8POH,4057362797,1.0,1327017600,17,66
169,A2CCV112TWLK7A,4057362843,5.0,1357084800,347,67
170,A2099WPFJKJKZC,4057362886,4.0,1377043200,261,68
171,A1T8YQ4FFMWQPC,4057362894,5.0,1387065600,218,69
172,AZLE2XFH3JUNG,4057362894,5.0,1367193600,944,69
173,A99JEK1Z8S1T0,4057362967,5.0,1404864000,756,70
174,A2OCBW6UQ8GS7L,4057363823,5.0,1252281600,429,71
175,AI6IXAB24N30W,4057363823,1.0,1264118400,826,71
176,AZLE2XFH3JUNG,4057368825,5.0,1367193600,944,72
177,A2GPHFP5QKF0CO,4057368825,2.0,1374192000,386,72
178,A2ZZ26N7K9BSFB,4057368825,5.0,1376956800,505,72
179,A1MID7V80H36FX,4057553908,2.0,1365724800,164,73
180,A10ZKDOZOSH219,4057553908,5.0,1347235200,11,73
181,A1CNSLLYW5A8YB,5297000963,5.0,1397433600,95,74
182,ARUSOE3CJ7TNF,5297000963,1.0,1395619200,884,74
183,A2Z9QP4MZ2HXCZ,5357954771,3.0,1376352000,502,75
184,ACZ94JB8BFMJ9,5357954771,5.0,1385251200,786,75
185,A36ZKFLSDE8WX5,5357954771,5.0,1270252800,556,75
186,AVCSVH9L0BPIF,5357954771,5.0,1341532800,907,75
187,A2VF4TALLW8G9,535795531X,5.0,1396915200,477,76
188,A3UFMKLD77O21S,535795531X,5.0,1302652800,700,76
189,A1QPQIJVS0JC5Y,535795531X,5.0,1235606400,192,76
190,A2UQZD76FKVQ6D,535795531X,5.0,1335225600,473,76
191,A1LNS0V7YBBJJE,535795531X,5.0,1359158400,162,76
192,A3B0M39TDARC6X,535795531X,5.0,1397347200,585,76
193,A1ZNOA9OHWIVMH,535795531X,5.0,1347321600,256,76
194,A15ELVI3I6G1SQ,535795531X,5.0,1329782400,41,76
195,A35ELDPD0N7T0U,535795531X,5.0,1354924800,542,76
196,A1B07LXV78TWZ,535795531X,5.0,1311724800,82,76
197,A29LZJWIY7KJZR,535795531X,5.0,1341532800,327,76
198,A13IIHXY0QX4Y4,535795531X,3.0,1356566400,32,76
199,A1AM400PUH70WO,535795545X,5.0,1371513600,79,77
200,A18X2IP46I5JB8,535795545X,5.0,1370476800,69,77
201,A2DT0SAXS5DIL8,535795545X,5.0,1294444800,359,77
202,A29AQSCFQ1OZ9R,535795545X,5.0,1360022400,324,77
203,A225BCNNIG03JT,535795545X,3.0,1316995200,269,77
204,A3590W7FEAGQY4,535795545X,5.0,1396051200,540,77
205,A1U6E8IJEATCYM,535795545X,5.0,1356998400,222,77
206,A1X1X91COEBHVI,5357955743,5.0,1395014400,237,78
207,A2RNK4TW1FPXEF,5357955751,5.0,1404259200,453,79
208,AYHZNXRPOHMO2,5357955786,5.0,1385078400,937,80
209,A3NIHH9X6L3RRM,5357955786,5.0,1396915200,671,80
210,A1UDWB8WFFGN55,5357955786,5.0,1361923200,224,80
211,A20LFHVP5CMQ1,5357955786,5.0,1394409600,264,80
212,A16495HOSCEV0N,5357955832,5.0,1403913600,47,81
213,A22ET3HEUN5JNP,5357955867,2.0,1342656000,272,82
214,A1NNJ0MNFIF3Z8,5357955867,5.0,1147046400,170,82
215,A2C55XULIQ3F8I,5357955867,4.0,1141948800,345,82
216,AOJRTF5PJMIR6,5357955867,5.0,1354147200,865,82
217,ACUB5EB5F72B9,5357955867,5.0,1360454400,785,82
218,A1XD9BN1CBR8U4,5357955905,5.0,1195948800,241,83
219,A2K18LH5HC6K9B,5357955905,5.0,1295654400,404,83
220,A38JQUXZTKKHQP,5357955905,4.0,1313884800,564,83
221,A1QMSSMUBUXX5S,5357955905,5.0,1368057600,191,83
222,A3VUS3HC1CCVOQ,5357955948,4.0,1358726400,717,84
223,A19VNE2EF1QYNE,5357955948,1.0,1361923200,73,84
224,A1L8MP88Q3DXXJ,5357955948,2.0,1363737600,157,84
225,AEPAHTOT8YT04,5357955948,5.0,1326067200,794,84
226,AM0RSD59GI2IK,5357955948,5.0,1325116800,853,84
227,A2XYBHUJ7E1QDR,5357955948,5.0,1376956800,493,84
228,A39GFZUNMWJ44J,5357955948,5.0,1303257600,569,84
229,AEWKMTITVR260,5357955948,5.0,1268697600,797,84
230,A1C4OJZCDI8LN3,5357955948,5.0,1373328000,93,84
231,ACZBT8YQ2TYOY,5357955948,5.0,1271721600,787,84
232,A24662VRPFY4YK,5357955948,4.0,1361404800,286,84
233,A3S87ZOPB3UM9N,5357955972,5.0,1289865600,687,85
234,A18CAHNYYC8AA3,5357956014,5.0,1397260800,62,86
235,AGXDI4U7PAUGZ,5357956111,5.0,1346803200,815,87
236,ADZZCC6UUMA0N,5357956111,5.0,1351296000,792,87
237,A1F4CQTUN5WTEA,5357956111,3.0,1343260800,117,87
238,AQFATFCB1HBG3,5357956111,5.0,1400716800,878,87
239,ASPRENFTOYHO0,5357956111,5.0,1371081600,888,87
240,A2DOQ89OLXNHNL,5357956111,5.0,1398038400,357,87
241,A1IFYKTMBOTBP7,5357956227,5.0,1357257600,139,88
242,A364UC5PLUM8M3,5357956227,5.0,1370217600,548,88
243,AC4343QXC1BCQ,6022600685,5.0,1359331200,783,89
244,A7SVI5Q1WC3UP,6022600685,5.0,1399939200,746,89
245,A28UWG41MHTXGC,6022600685,3.0,1369267200,321,89
246,A2EH8T3LQS6EET,6022600685,5.0,1377129600,364,89
247,A1HBQHOWMXOLBM,6022600685,3.0,1375315200,133,89
248,A1MOOCFYF4BW9F,6022600685,5.0,1356480000,167,89
249,A31J5P90FNANXZ,602260074X,4.0,1397606400,517,90
250,A34LP4FWKYTHB5,602260074X,4.0,1356480000,538,90
251,A328DC9RTOA5WS,602260074X,4.0,1403913600,521,90
252,A8R89360S6RZ3,602260074X,1.0,1399852800,752,90
253,A1B9XPHEGQ986Y,602260074X,5.0,1402012800,87,90
254,ABKY0V59DOJ5Y,602260074X,5.0,1392422400,775,90
255,A3DHGDJ779MMSD,602260074X,5.0,1377216000,603,90
256,AH9GYBKL6KJOF,602260074X,4.0,1402358400,819,90
257,A2Z1MC0VM2SCZ7,602260074X,5.0,1387065600,498,90
258,AWL41OE56O3O3,602260074X,4.0,1373414400,917,90
259,A3AOPVHGVIEHFK,602260074X,5.0,1390435200,582,90
260,A1G8D0R2YLCJPR,602260074X,5.0,1396310400,123,90
261,A1E5TTW0XXZIE7,602260074X,4.0,1363478400,111,90
262,AV434O5MUBGN5,602260074X,5.0,1390521600,902,90
263,A1CT0SH9XKNIDY,602260074X,4.0,1361491200,96,90
264,A1FGEAEGWVYJ2I,6022600790,4.0,1389312000,120,91
265,A2WDW3VRWKRRWV,6022600790,4.0,1386028800,485,91
266,A86RECWKC0IKS,6022600790,5.0,1358035200,748,91
267,A2GMXV65XFTCR6,6022600790,2.0,1370044800,385,91
268,A2TSBFY4ZZIMXW,6022600790,1.0,1399766400,468,91
269,AGQ844D0UXGBF,6022600790,5.0,1377907200,813,91
270,A3E13GVY40E6T5,6022600790,4.0,1383004800,608,91
271,A1E09RWAID7HCH,6022600790,4.0,1372636800,107,91
272,A2ME4DLS0Q488W,6022600790,5.0,1374796800,419,91
273,A2HZV40RNSZ381,6022600804,2.0,1362182400,392,92
274,AS498SIPUF2PU,6022600812,5.0,1368489600,885,93
275,AL4XKV2S6IXQS,6022600812,5.0,1369440000,847,93
276,A138ATFNJU102C,6022600812,2.0,1383955200,29,93
277,A1B0Q1X54GILZP,6022600812,3.0,1395446400,83,93
278,A22HDI6Y0ERZLN,6022600812,1.0,1389916800,274,93
279,A3SK4E6TWXE367,6022600812,4.0,1395532800,688,93
280,A3CHPIP8HRFNC8,6022600812,5.0,1403222400,596,93
281,A1GIGGY4X47QMA,6040652705,3.0,1392508800,124,94
282,A3V6ZQWSMLRXEJ,6041134473,5.0,1405296000,711,95
283,A38L32Q21P5T95,6041134473,5.0,1390521600,565,95
284,A3BWP3PY4IUMTH,6041134473,5.0,1391472000,590,95
285,A1NRLEB0KOB65O,604113449X,5.0,1391644800,171,96
286,A3UQXZCB1CXFNL,604113449X,1.0,1403654400,705,96
287,A3T58OUIBEL24K,604113449X,4.0,1401580800,694,96
288,A3AAAZ446W2B3B,604113449X,5.0,1393459200,579,96
289,A38L32Q21P5T95,604113449X,5.0,1391644800,565,96
290,A3ILSW0GC00YY,604113449X,5.0,1396915200,646,96
291,A1NRLEB0KOB65O,6041134511,5.0,1391644800,171,97
292,A38L32Q21P5T95,6041134511,5.0,1391644800,565,97
293,AJ8114KFKVCHX,6053640972,1.0,1376265600,831,98
294,ANLSZ40VRRB21,6117036094,5.0,1400457600,859,99
295,A2U1PYP2Q7BUB2,6117043058,1.0,1371945600,470,100
296,A024581134CV80ZBLIZTZ,6152000416,5.0,1356739200,1,101
297,ABLW2M2R7VQIA,6152000416,2.0,1362787200,776,101
298,A294IJJRMVOBSE,6162071103,2.0,1371945600,323,102
299,A3FPJWX0GHJCCG,6162071103,4.0,1392336000,617,102
300,A5UQ98GXX7T47,6162071103,5.0,1391385600,730,102
301,A13G2YWZQ3522K,6162751473,5.0,1378684800,30,103
302,A1Q3W2FX8LKH19,6162751473,5.0,1392681600,188,103
303,A13UXDADSBZ0NV,6162751473,5.0,1368144000,34,103
304,AY25UTTDNJ5SX,6165151329,2.0,1405036800,932,104
305,A2W470AYOQCZZ9,6165290582,3.0,1403049600,482,105
306,A95LEWENLGMHH,6165290582,5.0,1391040000,754,105
307,A30HUW0YSPL6N,6165290582,4.0,1399680000,508,105
308,A9E7CTWB6KFTK,6165290582,1.0,1380844800,758,105
309,A3MNCA0VED4SQD,6167061580,4.0,1405123200,665,106
310,A1GLIRME0V0J4Z,6167061580,5.0,1405209600,126,106
311,A20BE32WVZFXAF,6169040335,5.0,1400976000,262,107
312,AYFZQPNEVSFMD,6175005570,5.0,1369094400,936,108
313,A3FNVF412991A6,6175005589,5.0,1364256000,616,109
314,A37KZTDCHTQMU0,711901871X,5.0,1373328000,561,110
315,A3TDS7PK6K3TY1,711901871X,5.0,1395100800,697,110
316,A3UX3UDVQ9OHLI,711901871X,5.0,1381363200,708,110
317,ABVND860D55AJ,7535842801,5.0,1375574400,781,111
318,A26TLFFBFPEOKJ,7535842801,4.0,1399507200,307,111
319,A2Q8QWVIZM213M,7535842801,3.0,1378252800,445,111
320,A3C5DYTUXUCL0S,7535842801,5.0,1305158400,592,111
321,A3DNSZT2HIB30J,7535842801,5.0,1378684800,605,111
322,AA0ACUPEPT1RN,7535842801,5.0,1356134400,762,111
323,A16UTJN8DODY6N,7535842801,1.0,1394841600,52,111
324,ACB9GSMY2GY0O,7535842801,5.0,1379721600,784,111
325,ANNS6DSY390Z2,7535842801,5.0,1370822400,860,111
326,A39SBRLJ1EQX1R,7535842801,5.0,1370044800,574,111
327,A3A2HRW0GR4EWU,7535842801,5.0,1395446400,576,111
328,A2H3NOCLLEPOKQ,7535842801,3.0,1277164800,388,111
329,A1JM3NL9GSQ17N,7535842801,5.0,1341273600,148,111
330,A2P0254ZZ42ZOJ,7535842801,5.0,1388620800,436,111
331,A2686J58T322ZS,7535842801,5.0,1396569600,304,111
332,A7DS7JE3D53XW,7535842801,5.0,1361836800,742,111
333,A267CAHUU3HOPQ,7535842801,5.0,1373068800,303,111
334,A30CAUEGZO0DO6,753865058X,4.0,1340755200,507,112
335,A249F9ZBJ3ZDIA,7539914718,1.0,1403136000,288,113
336,A9AZG7UY7VT89,7800558258,1.0,1400371200,757,114
337,A05492663T95KW63BR75K,7800558258,1.0,1387411200,2,114
338,A2LRQ8GV6PZMHX,7806397051,4.0,1405987200,413,115
339,A2B3FQVNDDT4PF,7806397051,3.0,1401062400,337,115
340,A1YJEY40YUW4SE,7806397051,1.0,1391040000,246,115
341,AS5RB0XRDQZCS,7806397051,5.0,1346544000,886,115
342,A6SS3B6BFQ5KX,7806397051,3.0,1404950400,738,115
343,A293VWKAL1RWBG,7806397051,5.0,1403395200,322,115
344,ABPIQZ23IBOJ,7806397051,4.0,1376697600,778,115
345,A2DQ8W8ON2QZD3,7806397051,5.0,1395446400,358,115
346,A18S7SDS6HJ4LA,7806397051,2.0,1400544000,67,115
347,A60XNB876KYML,7806397051,3.0,1397779200,733,115
348,A2U7D909NH8L0U,7806397051,2.0,1399852800,471,115
349,A3G6XNM240RMWA,7806397051,4.0,1378425600,622,115
350,A00205921JHJK5X9LNP42,7806397051,5.0,1395619200,0,115
351,A1SXKLV75ZL6DM,7806397051,1.0,1401926400,215,115
352,A3CI83124O6ZP1,7806397051,1.0,1399593600,597,115
353,AYM7E80UCJX7I,7806397051,5.0,1369785600,939,115
354,AIPOM0VDQ2SN3,7806397051,5.0,1372204800,829,115
355,A1QY7B8PEZDTDZ,7806397051,5.0,1399248000,197,115
356,A187IEMZIHO4UU,7806397051,2.0,1377216000,60,115
357,A4R3YZHWJSWHU,7806397051,3.0,1370908800,724,115
358,AO4WIKXQZJDQE,7806397051,2.0,1401926400,861,115
359,A1R3PGXKL7EZSJ,7806397051,5.0,1361836800,199,115
360,A1PQFP6SAJ6D80,7806397051,2.0,1386460800,186,115
361,A38FVHZTNQ271F,7806397051,3.0,1382140800,563,115
362,A11PBM6FRXUJ5Q,7806397051,1.0,1369699200,16,115
363,A1GX3Y7VXYG6TH,7806397051,1.0,1368921600,129,115
364,A3S0E0QE8XYMAK,7806397051,5.0,1384041600,685,115
365,A2FHYMW4OA53N1,7806397051,4.0,1404345600,380,115
366,AFY6ZIQXMLGR3,7806397051,2.0,1362614400,808,115
367,A3BTN14HIZET6Z,7806397051,5.0,1365984000,589,115
368,A2T0H00MMGU7LZ,7806397051,4.0,1360800000,460,115
369,A1Z59RFKN0M5QL,7806397051,1.0,1376611200,251,115
370,AWUO9P6PL1SY8,7806397051,2.0,1378252800,920,115
371,A6P7VX90EVIKI,7806397051,5.0,1395273600,736,115
372,A1CWY4G16721R2,7806397051,5.0,1363910400,97,115
373,A1X2OY7Y2J6LO1,7842953384,5.0,1401840000,238,116
374,A2KF5WHTOADF85,7842953384,2.0,1311897600,408,116
375,A1SNMU6VFTJKQI,7883527428,4.0,1386201600,213,117
376,A25K4CSIYN1OLB,7883633309,4.0,1369440000,297,118
377,A2EUU17DUVWII9,788522323X,5.0,1386374400,371,119
378,A2D0IC8KRJHG3F,7885223639,4.0,1367193600,350,120
379,A1S8PWBOOL44SM,7899120217,5.0,1366502400,210,121
380,A27M7DNCKQ6D5Y,7899123011,3.0,1368835200,314,122
381,A3MUOZ4MPR1EA6,7899123011,5.0,1354924800,666,122
382,AAYYLJOCG88F4,7899123011,2.0,1393632000,772,122
383,A37JSWUOEQC89O,7899123011,2.0,1385337600,560,122
384,A3GVNPYMG6ON95,7899123011,5.0,1383177600,632,122
385,AW4GGNNHDM937,7899123011,5.0,1383004800,915,122
386,AR9GA6ULUK1AC,7899123011,2.0,1362787200,883,122
387,A2JB80MHMU6O3I,7899123011,2.0,1404000000,399,122
388,A2NOM3LJVRKWTJ,7899123011,5.0,1344556800,424,122
389,A1L7J1U5Y2RECB,7899123011,4.0,1360886400,156,122
390,AN0CUE13AJLEW,7899123011,1.0,1371686400,857,122
391,A1PZ2ORQU247JZ,8072222120,5.0,1270857600,187,123
392,A1BXLQFDJII0ZE,8096398741,5.0,1351296000,92,124
393,AAIGQYAH5WNSU,8096398768,3.0,1353974400,768,125
394,A57JZDRIKHEMC,8096399322,5.0,1356825600,727,126
395,A22PDHKTMOUKKS,8096399322,5.0,1391558400,278,126
396,A33A728PP859Y5,8096399322,2.0,1286755200,531,126
397,A1JBLH8S6DLCL1,8096399322,1.0,1369872000,143,126
398,AK7O6VOOXQBYQ,8096399322,5.0,1391904000,836,126
399,A3I6P2NU6726XG,8096399322,5.0,1362355200,642,126
400,A25GW5G5GQVKB0,8096399322,5.0,1379808000,295,126
401,A1LL4WRN7OBRW8,8096399322,5.0,1381104000,161,126
402,AOJ5TYNLD4G68,8096399322,5.0,1394323200,864,126
403,A17U6P3YQISHYH,8096399322,5.0,1402963200,57,126
404,A4GKGUD4TIFL,8096399322,2.0,1364169600,721,126
405,A7O67Z6ZAYN8B,8096399322,3.0,1318204800,745,126
406,A2VHK6MXXTR6FD,8096399322,3.0,1311206400,478,126
407,AXG1D956QCMHI,8096399322,5.0,1403913600,926,126
408,ATWTNXM6WNV5N,8096399322,5.0,1397433600,894,126
409,A32O109KR1IFX7,8279995404,1.0,1304553600,527,127
410,A1BW4LQY9U32PC,8329000710,5.0,1400716800,91,128
411,A8FPPXG1OEZ77,8329000710,5.0,1404604800,750,128
412,A37E33Y5A3RFYG,8329000710,4.0,1402099200,558,128
413,A3KJ9MA7I7S4IC,832900094X,5.0,1369094400,652,129
414,A4ZAYGW831ZGI,8329001008,3.0,1393804800,726,130
415,A2AYT9K7UK7R68,8430539387,5.0,1344038400,336,131
416,A1OXSFS5ZDY7NP,8430539387,5.0,1360713600,184,131
417,A3AI3DJQ8NI1UX,8805002860,3.0,1362614400,581,132
418,A22P8CW9NVJ49H,8901110814,1.0,1396137600,277,133
419,A3SP22BU1008GV,8901110814,3.0,1394841600,690,133
420,AFQO7NSU6OSGH,8901110814,5.0,1402876800,806,133
421,AX43HESIL985S,8901110814,3.0,1401926400,923,133
422,APULYOSZS226A,8901110814,5.0,1395187200,874,133
423,A2X0OUA7W3HNZI,8901110814,1.0,1396915200,489,133
424,A2WE4LU82W1U1L,8901134322,2.0,1394668800,486,134
425,A1WSGOA6S3U9OC,8901134322,5.0,1351900800,236,134
426,A1UUX9VH9XXX0B,8934903716,4.0,1395619200,226,135
427,AHVY2JTMYHWYA,897677244X,3.0,1396051200,823,136
428,A2BXY2QG6XXZQR,8982641262,5.0,1385596800,342,137
429,A37860PZPUUY1V,8982641262,5.0,1394150400,557,137
430,AY3F1CVHTNVBU,8997092219,2.0,1368316800,933,138
431,A4J7EDWN32459,9029300388,5.0,1391126400,722,139
432,AZGGH4GS18RUN,9502737628,4.0,1392076800,943,140
433,A3HGJM50RTYPGQ,9509369934,5.0,1367798400,634,141
434,A1GYOSEAJ5EEK1,9510213861,5.0,1376524800,130,142
435,AGP8NQ1MCH0A,9511181564,5.0,1395187200,812,143
436,A12K9YFOYOXHAJ,9511181564,5.0,1369958400,26,143
437,A3NR9WJZCAKB40,9511181564,5.0,1364601600,672,143
438,A1ZOGA1A495OHV,9511181564,4.0,1392249600,257,143
439,A264BXIV14DIWA,9511181564,4.0,1401494400,302,143
440,A2YWHJXGR6R00D,9511181564,5.0,1398211200,497,143
441,A2ETF4N62SFLOJ,9511181564,4.0,1370822400,370,143
442,AQXX46012LVOT,9511181564,5.0,1402185600,880,143
443,A2WZYYQDFVZDZ7,9511181572,5.0,1388016000,488,144
444,A2C1VR841W5BHI,951311290X,5.0,1395878400,344,145
445,ATZVCICY66PXZ,9571044822,5.0,1405900800,896,146
446,AGR6NXP9R8D66,9571044822,5.0,1391385600,814,146
447,A18DY88WBTDFIF,9573086514,5.0,1397520000,63,147
448,A1AUDV6O35S9DS,9573215926,3.0,1370476800,80,148
449,A2RGINT43SUQ49,9575295714,2.0,1389657600,452,149
450,A3Q1XK4NGQJGHF,957696718X,1.0,1372896000,678,150
451,AASZF2ULVECTD,9601403787,5.0,1360972800,771,151
452,A1SGXQTDZ6BJNH,9601403787,5.0,1356048000,211,151
453,A12377XOL83LBK,9601403825,5.0,1398902400,21,152
454,A1V3QKA6RZE4Z9,9601403825,1.0,1350604800,228,152
455,A35QQ9Z0YSBPUR,9601420347,5.0,1282262400,544,153
456,A25IZEM9CGLBB,9601420347,5.0,1384300800,296,153
457,A22ZS7VGA34SM4,9602344954,5.0,1299456000,282,154
458,A3RZB4IQ17Y7VX,9602617918,5.0,1272931200,684,155
459,A2FSA9BJC7O7X7,9602617918,5.0,1337385600,381,155
460,A173D8H9C18PCI,9602617918,4.0,1358035200,53,155
461,A2SBLI6XGBI1GK,9605406446,5.0,1268524800,456,156
462,A7LEHTDY7Z1PD,9605406446,3.0,1298246400,744,156
463,A8WHCF3SY0L15,9623541902,1.0,1345939200,753,157
464,AXH81K09PSKLL,9628982370,4.0,1318204800,927,158
465,A2PZ830VJ2GZEZ,9628982370,1.0,1317340800,443,158
466,A1OVF6WMXX9CBS,9740200133,3.0,1392076800,183,159
467,A3E60CSK5WW8BQ,9740200133,3.0,1376611200,612,159
468,A319PGL9XMNT6A,9742126046,4.0,1369094400,513,160
469,A2JPOCC17QIOUI,9742189889,5.0,1403568000,401,161
470,A1DPSUISPJG4K6,9742189889,2.0,1405036800,105,161
471,APKFDTZU2MX0K,9742496811,5.0,1387324800,872,162
472,A1H549TTDWKPCK,9742496811,5.0,1357171200,131,162
473,AF7UW6L8OIKS7,9742496811,5.0,1390867200,800,162
474,A11J7PLZJ99M7O,9742496811,5.0,1370908800,13,162
475,AWQNOD7X9273P,9742496811,5.0,1362787200,919,162
476,A3RCCDL4Y1XZDJ,9742496811,5.0,1392336000,681,162
477,A10205RFE66H1R,974383785X,3.0,1375833600,4,163
478,A36NPWR62GGB90,9744287233,3.0,1401235200,554,164
479,AU5Z287G31579,9744434139,1.0,1352246400,897,165
480,A3QKZZ3Y3FM21N,9745340936,2.0,1393459200,680,166
481,A1JLP1MLTJZPJ7,9745343412,5.0,1356825600,146,167
482,A123AJQJYJY5Z5,974619187X,4.0,1398384000,22,168
483,A1J3YHEET4SV5G,974619187X,5.0,1398902400,142,168
484,A185Q4S3NFOUOZ,974619187X,5.0,1375315200,59,168
485,A2B4MXLEP42IQH,974619187X,5.0,1361923200,339,168
486,A189H8NPEQN58F,974619187X,5.0,1365897600,61,168
487,A1R2MKM2YT5ND0,974619187X,5.0,1389225600,198,168
488,A23UV2QRYP8PX4,974619187X,5.0,1397952000,285,168
489,A1N9AIQ75P3J5W,974619187X,5.0,1390608000,168,168
490,A18U3OPGXGQSMO,974619187X,5.0,1361836800,68,168
491,A147FGQTHCMO6R,974619187X,4.0,1396483200,38,168
492,AWM0V317JA4X5,974619187X,5.0,1365465600,918,168
493,A1B2BDWB519WIW,974619187X,5.0,1402185600,84,168
494,AVIFRWR2YKO73,9746427962,2.0,1348617600,908,169
495,A11V6R6WZ5ZQV2,9746427962,5.0,1380672000,19,169
496,A14IT4G4FZFEP6,9746427962,5.0,1348012800,40,169
497,A2E2FYUPAO2M0R,9746427962,5.0,1392595200,360,169
498,A2WTWKGP9WES1Q,9746427962,1.0,1349654400,487,169
499,A3D0SBB68TTET,9746427962,5.0,1350086400,600,169
500,AL74FP10LMX8Y,9746427962,5.0,1397779200,848,169
501,AYTK85H56WQ5F,9746427962,5.0,1376611200,940,169
502,A18M9192WX98HP,9746427962,5.0,1397433600,66,169
503,A13W8KHF7Y1S51,9746427962,5.0,1390435200,36,169
504,A2OP35XWVTJYDK,9746427962,5.0,1382486400,434,169
505,A2P5RDTIGF6XRO,9746427962,5.0,1398902400,439,169
506,A2KG1LYT548UFB,9746427962,5.0,1364601600,409,169
507,A1JKZAOB9S4DF2,9746427962,5.0,1401840000,145,169
508,A2ZMU9L93JSFSR,9746427962,5.0,1364947200,503,169
509,A3GDBKK2C9PXFS,9746427962,3.0,1349913600,626,169
510,AMQDTJZRXBPCR,9746427962,5.0,1338076800,855,169
511,AWYRXPZS8TRGJ,9746427962,5.0,1356912000,922,169
512,A2T4Y9EBPRLWB0,9746427962,5.0,1344297600,462,169
513,A27TQSFIAZX3ET,9746427962,5.0,1363996800,315,169
514,A2W26TXNIF6OFH,9746427962,5.0,1296691200,481,169
515,A1TKC6GRRBJA4T,9746427962,4.0,1391212800,219,169
516,A1TNQ0QMWCUBCL,9746427962,4.0,1402617600,221,169
517,ALKCBFG5L6FCJ,9746427962,1.0,1355875200,850,169
518,A31A7SV73QLTZS,9746427962,5.0,1354147200,514,169
519,AL4QPSP65J7IE,9746427962,5.0,1327190400,846,169
520,A3VJPW9T8D6P4Q,9746427962,5.0,1351555200,714,169
521,A1KEESMVTONAGJ,9746427962,5.0,1338595200,150,169
522,AKYM22HHJ4576,9746427962,5.0,1316390400,845,169
523,A2UW1YLL8TKAVZ,9746427962,5.0,1327881600,474,169
524,A3QJSZDRC4DXB9,9746427962,5.0,1357948800,679,169
525,AVISXECDOZRGQ,9746427962,5.0,1348790400,909,169
526,A1BFS260JO9TZJ,9746427962,5.0,1389571200,88,169
527,A2T63MAMWZQ46C,9746427962,5.0,1398297600,464,169
528,A16JWRFT5IHYRA,9746427962,5.0,1404259200,50,169
529,A2FBYXWTRB3TN3,9746427962,5.0,1359504000,376,169
530,A2ML3OG7R68XFP,9746427962,5.0,1336780800,420,169
531,A1EGRLCSMRGOOX,9746427962,4.0,1369958400,113,169
532,A22FYS1K1E18ET,9746427962,5.0,1400284800,273,169
533,AF508G9N8T5OY,9746427962,5.0,1325635200,799,169
534,A2VB5TIINLFO7B,9746427962,5.0,1404000000,476,169
535,A1HB4DFQC6ZGHW,9747842297,1.0,1373500800,132,170
536,A104D62WJII6KP,9747842297,5.0,1388448000,5,170
537,A1OVF6WMXX9CBS,9747842297,4.0,1394755200,183,170
538,A5ZBX8PFDNIKE,9747842297,2.0,1398816000,732,170
539,A2Z53Z2IXPFE4A,9748668525,5.0,1379980800,500,171
540,A1BT4VX5UXV2P9,9748776093,5.0,1358899200,90,172
541,A23I9CZ4MCWD7G,9748776093,1.0,1361577600,283,172
542,AUL78LW1ZS9EW,9748776093,1.0,1364860800,898,172
543,AA51P4U4RMPQE,9748776093,3.0,1361923200,764,172
544,A3UW44EC9K7SP2,9748776093,1.0,1368662400,707,172
545,A3GPN4M7QLFT2L,9748776093,2.0,1359590400,630,172
546,A15HBNI7E4H4I2,9748776093,1.0,1373068800,42,172
547,AFD1XMFDOUYW8,9748776093,4.0,1384387200,803,172
548,A3CGZE3WU9FFML,9748776093,3.0,1376006400,595,172
549,A2LR2XYBPSDPS,9748776093,4.0,1352937600,412,172
550,A72QEHDVRNTBC,9748776093,4.0,1366934400,739,172
551,ABODWS6KT9V1W,9748776093,3.0,1355270400,777,172
552,AL7CQDK6QOGNF,9748776093,5.0,1360108800,849,172
553,A26SAG6L9SBH08,9748776093,5.0,1350345600,306,172
554,A31TGG4GXEBG0Q,9748776093,4.0,1399852800,519,172
555,A13RB9IGV06SRF,9748776093,1.0,1401926400,33,172
556,A31H6EDAGQ4N52,9748776093,5.0,1366416000,516,172
557,A6CGFXIVJNRG0,9748776093,4.0,1358035200,734,172
558,A3UZ13EXH4MO9D,9748776093,5.0,1374624000,709,172
559,A1IJO0HZ1ONCWH,974935706X,2.0,1397088000,140,173
560,A1UXVUM6G2H7D6,9749377397,5.0,1396224000,227,174
561,AEU1BMGTLIUNO,9749377397,5.0,1372809600,795,174
562,A328HZ1HAUPEY9,9749377397,5.0,1387497600,522,174
563,A3G5CK0SAWTMK6,9749377397,1.0,1366156800,620,174
564,A25PEHBZLLHTTF,9749377397,5.0,1385683200,299,174
565,A3A36DP9IJPRPF,9749377397,5.0,1368057600,577,174
566,A108HJD2ESJXUY,9749377397,4.0,1361836800,6,174
567,A2Z3DE1JHTWYQX,9749377397,4.0,1399507200,499,174
568,A32ZF8TRWMR1B9,9749513444,1.0,1368057600,528,175
569,A224SVFBOORJRM,9756518006,1.0,1385596800,268,176
570,A2T7A5AIJI9CCF,9756518006,1.0,1388188800,465,176
571,A1296LFHAMDOYP,9756518081,5.0,1381795200,25,177
572,A77EO8HXDT3II,9756518081,5.0,1395446400,740,177
573,A36M0NAGBV38SU,9758086243,4.0,1379808000,553,178
574,A3LMILRM9OC3SA,9759091062,2.0,1405209600,659,179
575,A1ZEFDGH5VS0EQ,9759091062,2.0,1405209600,253,179
576,AQZ2MQC5NXN9,9759091062,2.0,1388448000,881,179
577,A2K8K9WVD7FNMG,9759091062,5.0,1378166400,406,179
578,A1E6KFB5MUA6JD,9759091062,1.0,1399420800,112,179
579,A3AVQBR7HHOE1X,9759091062,1.0,1389657600,584,179
580,A30IP88QK3YUIO,9759091062,3.0,1388102400,510,179
581,A23JG9NJNQ3WXO,9759091062,1.0,1383523200,284,179
582,A3437C79W6IORP,9759091062,5.0,1393545600,535,179
583,A2RDQX62GRK6SU,9759091062,4.0,1380672000,450,179
584,APBQH4BS48CQO,9759091062,3.0,1400544000,871,179
585,A2T5IANBMPPQQ7,9759091062,1.0,1402617600,463,179
586,A3FE8W8UV95U6B,9759091062,1.0,1392681600,615,179
587,A3DG2I5KGLK73K,9759091062,1.0,1392940800,602,179
588,A4QK28MB0Y8R8,9759091062,5.0,1377820800,723,179
589,A2550BO5C6CC4O,9759091062,5.0,1370563200,291,179
590,A126J8DRHTQBT0,9759091062,3.0,1395360000,23,179
591,A30NKV5H3TPHIT,9759091062,3.0,1392163200,512,179
592,A1EVGDOTGFZOSS,9759091062,5.0,1390435200,116,179
593,AJAT0Z7G78AKG,9759091062,5.0,1373241600,833,179
594,AP5WTCMP6DTRV,9759091062,1.0,1389398400,869,179
595,A21IM16PQWKVO5,9759091062,5.0,1392681600,267,179
596,A1TLDR1V4O48PK,9759091062,2.0,1396742400,220,179
597,A2PHMQ53HYJX5E,9759091062,5.0,1381622400,441,179
598,A2W5CUXW018S4X,9759091062,4.0,1388188800,484,179
599,A3VCJ1D1Z4J8W,9759091062,5.0,1379894400,712,179
600,A29WF3KXZ6C1OD,9759091062,1.0,1395014400,331,179
601,AY4CBEDCI5Y2V,9759091062,1.0,1393977600,934,179
602,A21E3CB2A1B149,9759091062,5.0,1400025600,266,179
603,A3ON6E699JT6CE,9759091062,3.0,1402531200,675,179
604,A2ONROQ0ITT7HX,9759091062,4.0,1394841600,433,179
605,A1O2WUVJ9OKUTO,9759091062,5.0,1346716800,174,179
606,A6F8KH0J1AVYA,9759091062,5.0,1379116800,735,179
607,A2MMRRW7920RM,9759091062,5.0,1380585600,421,179
608,AXPKZA7UZXKTT,9759091062,4.0,1382054400,930,179
609,A25PW8VQJ611EA,9759091062,5.0,1377734400,300,179
610,A1ZLDDN5J9CFIO,9759091062,1.0,1396569600,255,179
611,A3VJUKZWK13TRI,9759091062,2.0,1399852800,715,179
612,AB4OYPWGHYAPO,9759091062,1.0,1387497600,773,179
613,A2SIAYDK7GG7QA,9759091062,3.0,1383264000,457,179
614,A1JCFYU0BE7XTI,9788071074,5.0,1386633600,144,180
615,A3G5OBREQKB7FR,9788071074,5.0,1378166400,621,180
616,A2K8SAFPHOJSG9,9788071074,5.0,1369612800,407,180
617,A3GJFDRP3Q8GV5,9788071074,1.0,1372291200,629,180
618,A1B9QR40IL84M4,9788071074,5.0,1385510400,86,180
619,A1ONB0P2P4V81E,9788071139,1.0,1370131200,180,181
620,A34EQAIKKUWYYW,9788071139,5.0,1315785600,536,181
621,A1B93VD33V6JGK,9788071139,1.0,1370044800,85,181
622,A1HGNPI5XWPA5C,9788071139,5.0,1360108800,134,181
623,AABAFCMZHEO1U,9788071163,4.0,1369353600,766,182
624,A3KK59I1TY3MRB,9788071171,5.0,1403222400,653,183
625,A3UQXHI88S7XAX,978807118X,5.0,1341273600,704,184
626,ATLDUADWJMTT0,9788071198,5.0,1383177600,890,185
627,AUM9K0KZGK653,9788071198,5.0,1391472000,899,185
628,A3I1F82WEKU6PG,9788071198,5.0,1352851200,640,185
629,A2Y4DGV80FJKWD,9788071198,5.0,1387411200,495,185
630,A9ZWBJK55DLZ9,9788071198,5.0,1355875200,761,185
631,A3BKEDXQG5HLRR,9788071198,5.0,1383350400,586,185
632,A3HMLMXJ5YQURK,9788071198,5.0,1388707200,637,185
633,A3UTG1EE19J916,9788071198,2.0,1386201600,706,185
634,ADWMDQ9CFNTA1,9788071198,4.0,1370563200,790,185
635,A39J2GNAMPZF2W,9788071198,3.0,1391558400,571,185
636,AAGYIGVSH2MIX,9788071198,1.0,1355097600,767,185
637,A36F3MHL9JD8ET,9788071198,5.0,1391472000,551,185
638,AWHWO1LUI8J1X,9788071198,5.0,1359158400,916,185
639,A2XTD715SMBVX3,9788071198,5.0,1355875200,491,185
640,A1RON1NZIGQNBO,9788071198,1.0,1389830400,207,185
641,A2LWZYTCZ9IDRV,9788071198,5.0,1357862400,414,185
642,A2MD9XAN2I6SE5,9788071198,1.0,1361577600,418,185
643,AA394CGT3GNYH,9788071198,2.0,1400716800,763,185
644,A9MYCYZT8EMMX,9788071198,5.0,1374537600,759,185
645,A33WIH2J5U3UXL,9788071198,5.0,1370649600,533,185
646,ATX9OC5P7XBM0,9788071198,3.0,1379721600,895,185
647,A1XQFWZJBKLEER,9788071198,5.0,1354492800,244,185
648,A2ORHBGD20H0OH,9788071198,3.0,1405036800,435,185
649,AQ3DINQH0WH46,9788071198,3.0,1363651200,876,185
650,A1AULGMNH7SO2V,9788071198,5.0,1340582400,81,185
651,A45MRF677Z7PX,9788071198,1.0,1364256000,719,185
652,A1G56R3VVU6VRE,9788071198,3.0,1383523200,122,185
653,A2M7AR6AFHZ62R,9788071198,5.0,1387324800,417,185
654,A1NIA6OW0N4LOO,9788071198,1.0,1375488000,169,185
655,A3ARZHCCRQRHRA,9788071198,5.0,1395619200,583,185
656,A12R85X0ED2JUQ,9788071198,3.0,1358380800,27,185
657,A1KEIWYH8085EZ,9788071198,2.0,1354233600,151,185
658,A14D2QHC2B1NQN,9788071198,5.0,1382832000,39,185
659,A1ZB60L19B5YZT,9788071198,5.0,1385078400,252,185
660,ALLPYLE7WAY1L,9788071198,5.0,1403481600,851,185
661,A2I8WY04NM1FR,9788071198,5.0,1381968000,393,185
662,A1U94C08ZTAYE,978807121X,5.0,1352678400,223,186
663,A3827WHBKQQF8T,978807121X,5.0,1379030400,562,186
664,ABH3MVCY6IGA9,978807121X,1.0,1386979200,774,186
665,A34FMN6PYDDU6V,978807121X,5.0,1402963200,537,186
666,AP238VB80KHTC,978807121X,5.0,1396396800,867,186
667,A1GNZ4F1S6VTSH,978807121X,5.0,1389139200,127,186
668,ATRSMN161M9GU,978807121X,5.0,1333584000,893,186
669,AVOF2TL7T400U,9788071260,4.0,1369094400,910,187
670,A3DPSWDPSG2LTE,9788071260,1.0,1364860800,606,187
671,A3HH9WA1LOMK9P,9788071260,5.0,1358553600,635,187
672,A2FYGUHALQQYK8,9788071260,5.0,1400112000,383,187
673,AXBDO994983U6,9788071260,2.0,1357084800,924,187
674,A2E9OLOQRK7M8T,9788071260,4.0,1401840000,363,187
675,A2J7HM7CIZ3CTD,9788071260,3.0,1395273600,398,187
676,A17O4CBSO0SKB7,9788071260,5.0,1346025600,55,187
677,A3LURPBMK4ZDIR,9788071260,2.0,1339632000,662,187
678,A3L7YV2UCQ7ZX,9788071260,5.0,1366934400,656,187
679,A2T2Y8FW0NLILV,9788071260,5.0,1379894400,461,187
680,A2PZOIS5NOHEA,9788071260,5.0,1362009600,444,187
681,A3GFGEY12ATN4G,9788071465,5.0,1389139200,628,188
682,AYYB9EFFG2GVA,9788071511,5.0,1381190400,941,189
683,A2IW10BPHCYQG2,9788071538,2.0,1349913600,396,190
684,A2D3A9A58X5RMZ,9788071538,5.0,1366675200,351,190
685,A3GA66GJ70SG7A,9788071554,5.0,1373241600,624,191
686,A35PF7XADVB60C,9788071570,4.0,1363219200,543,192
687,A2CVC21HIZ1PO7,9788071570,5.0,1352678400,349,192
688,AG0MJ41NXPM35,9788071570,5.0,1366156800,809,192
689,A2OHAJBHJK2Y3E,9788071570,5.0,1386460800,430,192
690,A3SR4T76JKA0QR,9788071597,5.0,1348444800,691,193
691,A2FB1KU4IY812V,9788071597,4.0,1387929600,375,193
692,A2285KGCYXO71H,9788071597,5.0,1402617600,271,193
693,A16D9H9KJCRV1Y,9788071597,5.0,1327795200,49,193
694,A2P19WZ6WD2OZK,9788071597,5.0,1357084800,437,193
695,AKRUFGYZHI8P1,9788071597,3.0,1368057600,841,193
696,A28H72UFHPN9QN,9788071597,4.0,1360368000,319,193
697,A2DMIEUMKD3VYD,9788071597,5.0,1401667200,355,193
698,A2Z89FDEA8TLZ2,9788071597,3.0,1370995200,501,193
699,A1KHY2OJNT409Z,9788071597,5.0,1397952000,153,193
700,A33MKXDOOI6T0R,9788071597,4.0,1395014400,532,193
701,A2SZCH2I05ZETG,9788071597,4.0,1364688000,459,193
702,AK4E5J6IVE11R,9788071597,5.0,1397606400,835,193
703,A1KQ79CU1EA754,9788071813,5.0,1371600000,155,194
704,AGBK2UBSBV0OR,9788071813,5.0,1359590400,810,194
705,A3K5ZI737LDUOG,9788071813,5.0,1377993600,650,194
706,APKI65S1D3AHW,9788071813,5.0,1361318400,873,194
707,A1XMC5AMIQKVJV,9788071813,5.0,1401753600,243,194
708,AXJAR4KM54KVW,9788071813,4.0,1354752000,928,194
709,A1FOI078VYL0BP,9788071813,5.0,1382918400,121,194
710,A19VPNGSJK19PE,9788071813,5.0,1362960000,74,194
711,A396ZSFP8XV4O1,9788071813,4.0,1353801600,567,194
712,A1ZKE84PVHR3N9,9788071813,5.0,1356480000,254,194
713,AIQMY3PN8ZF9,9788071813,5.0,1362355200,830,194
714,A28PWHLR92QPQS,9788071813,5.0,1361232000,320,194
715,A27XYPIP5FQUZT,9788071813,5.0,1369612800,316,194
716,A2TV0VZJI1ZD33,9788071813,5.0,1363651200,469,194
717,A3374Z6CYWF8YK,9788071813,5.0,1359417600,530,194
718,A1O8JBGRANCVEO,9788071848,2.0,1355443200,176,195
719,AA75INOMAHULX,9788071856,5.0,1398470400,765,196
720,A1RFITZDNVIA0T,9788072097,5.0,1388707200,204,197
721,A5GI8R9A9IFV3,9788072097,5.0,1358640000,728,197
722,A3LEGZWFK44DJ8,9788072097,5.0,1352073600,658,197
723,A1VW4D5B59VZQW,9788072097,5.0,1399852800,231,197
724,A3VMD3B59TAB85,9788072097,5.0,1360540800,716,197
725,AM6TZU9POUAL,9788072097,5.0,1369094400,854,197
726,AVYRG8E15WAK7,9788072097,5.0,1361923200,914,197
727,A1D6EV5BKMM8OU,9788072097,5.0,1356393600,100,197
728,A4BTNUSVHTE0I,9788072097,5.0,1388016000,720,197
729,A1EVAE0Q2E2V0K,9788072097,5.0,1334880000,115,197
730,A2DO226S09AIEG,9788072100,5.0,1324425600,356,198
731,A32AIFEBI1X4MR,9788072100,4.0,1329782400,523,198
732,A248P6F309UXRF,9788072100,5.0,1373068800,287,198
733,A2F1CMMQ2M7IIQ,9788072100,5.0,1359504000,372,198
734,A2575DBNU90OA6,9788072100,5.0,1353628800,292,198
735,A10GKM76NOQLGE,9788072100,2.0,1334966400,7,198
736,AH7S8WUFHIBIC,9788072100,3.0,1325894400,818,198
737,A3HDFRFKJAGS97,9788072100,5.0,1358294400,633,198
738,A258GDNRBC6BC1,9788072119,4.0,1357084800,293,199
739,A2PV4WPV010BDP,9788072119,5.0,1355788800,442,199
740,AWXLQX6FSEZA1,9788072119,4.0,1350259200,921,199
741,AHH534KJMCNRF,9788072119,3.0,1357516800,820,199
742,AXBF3OLBP9QP6,9788072119,5.0,1359504000,925,199
743,A2A6TB2DZ99DB,9788072119,5.0,1384473600,334,199
744,A3GDFAUEOR245Y,9788072119,5.0,1358121600,627,199
745,A3RUXBGZOQLC1G,9788072119,5.0,1404777600,683,199
746,A15UJADUAS68JI,9788072119,5.0,1338163200,44,199
747,A29UK7GM2HXMIE,9788072119,5.0,1356393600,329,199
748,A2FE974F8E51WC,9788072119,5.0,1356480000,378,199
749,A2BYP56Q0QBU1Z,9788072119,5.0,1356048000,343,199
750,A2QD105KDRZ46J,9788072119,4.0,1353888000,446,199
751,A1XZVQED7H3403,9788072119,2.0,1359849600,245,199
752,A3E1969PZ33LO9,9788072208,5.0,1403049600,609,200
753,A1LJ2H84ERZ9SA,9788072208,5.0,1368835200,160,200
754,A1AM1BP28NQXLF,9788072208,5.0,1393200000,78,200
755,AV03O68PRMGJE,9788072208,3.0,1379894400,901,200
756,A7FPJ94ABSYM9,9788072208,5.0,1361836800,743,200
757,A2V37AQ1VOMBH0,9788072208,4.0,1348963200,475,200
758,A3UN53B7B5WV5X,9788072208,1.0,1358553600,703,200
759,A27D7TJZTU8B15,9788072208,3.0,1387843200,313,200
760,AVWOHZE2VTGVJ,9788072208,5.0,1348358400,913,200
761,AQVFWCBC5AXZS,9788072208,2.0,1367971200,879,200
762,A3NDJI4IP8ICI9,9788072208,4.0,1359849600,670,200
763,A1SJ5LNTEM67RO,9788072208,5.0,1351468800,212,200
764,AZYQEFB9Y5N22,9788072208,4.0,1357516800,947,200
765,A8QGU7RYBF5VY,9788072208,5.0,1357862400,751,200
766,ASWVTM2VOKKLO,9788072208,5.0,1365465600,889,200
767,A1QDJA5DFFAL6C,9788072208,5.0,1355011200,190,200
768,A1T4QM0WQZ23L9,9788072208,5.0,1369094400,216,200
769,A36UQ20T9VVUAW,9788072216,2.0,1336780800,555,201
770,A16OJ5ISFFKC34,9788072216,5.0,1355788800,51,201
771,ATO4SYWWBB1QX,9788072216,5.0,1369958400,891,201
772,A1QV5IH6HDRN0L,9788072216,5.0,1316390400,194,201
773,A1RFBE2LHNLHPI,9788072216,5.0,1355184000,203,201
774,A2LXAR7KEDFTJ9,9788072216,5.0,1389484800,415,201
775,A34YKNAF8ZQF57,9788072216,3.0,1384819200,539,201
776,A2EP4HWJ0L6D5H,9788072216,5.0,1350432000,368,201
777,A1JZTT5WQU8O26,9788072216,5.0,1373500800,149,201
778,AV7TWUEV79X52,9788072216,5.0,1357776000,903,201
779,A22V34L77QYLGD,9788072216,5.0,1396137600,279,201
780,A3DWLT4X15P9PZ,9788072216,5.0,1324425600,607,201
781,A3UQXHI88S7XAX,9788072216,5.0,1376092800,704,201
782,APYRY5W5KPXN7,9788072216,5.0,1363564800,875,201
783,A11SDECT20DPAB,9788072216,5.0,1367366400,18,201
784,A31OFOZ9GET8AN,9788072216,5.0,1361836800,518,201
785,A29FXZIZ598FDM,9788072216,5.0,1374019200,326,201
786,A3E2GP3Z1EGVQ8,9788072216,2.0,1335744000,610,201
787,A2AGYTSVLRSV5X,9788072216,5.0,1377302400,335,201
788,A3N2I59UQT85AI,9788072216,5.0,1373155200,668,201
789,A1E0IC983BZ9T5,9788072216,5.0,1327968000,108,201
790,A3GRZEZMPL515U,9788072216,3.0,1336780800,631,201
791,A3LEA0HZFBAFVS,9788072216,5.0,1380758400,657,201
792,A2CPYXQY7MN36Q,9788072216,5.0,1340064000,348,201
793,A2EK2CJNJUF7OQ,9788072216,5.0,1322438400,365,201
794,AOKIUG9H8I8KU,9788072216,2.0,1355011200,866,201
795,A2GWNGQF9SHRE4,9788072216,5.0,1338076800,387,201
796,A2ENHE4BV0AMQ1,9788072216,5.0,1331424000,367,201
797,A3I0LI9N8KSNHG,9788072216,5.0,1358553600,639,201
798,ABV67T136UXFQ,9788072216,5.0,1359763200,780,201
799,A2EPPFVDAIDQSI,9788072216,3.0,1365638400,369,201
800,A1XJSB99WXLB11,9788072216,4.0,1366243200,242,201
801,AC1FTP0718XJ2,9788072216,5.0,1362700800,782,201
802,A2FGRVS5G82DF3,9788072216,5.0,1401667200,379,201
803,A2QYQGE34MQ2KX,9788072283,5.0,1332460800,448,202
804,A1RJZQBN9DC492,9788072305,5.0,1379289600,206,203
805,A2KI79THZD6NL1,9788072305,5.0,1357689600,410,203
806,A3OIXDNDD9AGD4,9788072305,5.0,1360195200,674,203
807,A1OCP4Y8GQUQRK,9788072305,5.0,1352851200,177,203
808,A10R4813UIW6GH,9788072305,5.0,1377475200,8,203
809,A3N8V0AOIXAP6N,9788072305,5.0,1378166400,669,203
810,A13UY6KF3KLR48,9788072348,1.0,1357776000,35,204
811,AKW9T9A31BEGB,9788072348,5.0,1362614400,843,204
812,A1HU9QLNJV9ZED,9788072348,1.0,1356048000,136,204
813,A2IAHS4CJDTUVO,9788072372,5.0,1363910400,394,205
814,A1KI7I8NRV3SIQ,9788072453,5.0,1376006400,154,206
815,AKSKAH1FHICQZ,9788072453,5.0,1394668800,842,206
816,A3I1T0KEU8YDBY,978807247X,5.0,1371340800,641,207
817,A3VEAEI9YT0GN6,978807247X,4.0,1388361600,713,207
818,A1R4UG6BNDBBOL,978807247X,5.0,1360368000,200,207
819,A2JIQP1H0N7NO5,978807247X,1.0,1364169600,400,207
820,AKWRO5WFQ4I85,978807247X,2.0,1383004800,844,207
821,A1ALXIEJWSM3WX,978807247X,5.0,1369526400,77,207
822,A10SBRHY5Z8FT3,978807247X,5.0,1375401600,10,207
823,A3K0Q7BLOD5P0X,978807247X,5.0,1386979200,649,207
824,A3C5QQXTWQQARI,978807247X,5.0,1374796800,593,207
825,A1E2DD77GZJWS0,978807247X,5.0,1352937600,109,207
826,A35DSJ5BVS8H2A,978807247X,5.0,1367798400,541,207
827,A3LSRSY3F7CWPA,978807247X,5.0,1357344000,661,207
828,A1EQMKGBI0NK71,9788072488,3.0,1397520000,114,208
829,A1DGD9AGZNF6O9,978807250X,5.0,1349568000,103,209
830,A29NE7F0K4WO86,978807250X,5.0,1382054400,328,209
831,A2MQ9OGYO9PFGM,978807250X,4.0,1381190400,422,209
832,AAKT6MS1SVJDT,978807250X,5.0,1394928000,769,209
833,A3995A1MLGMSZK,978807250X,5.0,1374105600,568,209
834,A2NU51KZVY9J9Z,978807250X,5.0,1369180800,426,209
835,A5VR137GUB7JQ,978807250X,5.0,1383004800,731,209
836,A33ZO6NTU56R7F,978807250X,5.0,1359072000,534,209
837,A1CZJUWPTGMYU1,978807250X,5.0,1341532800,99,209
838,A1X5WU8A9F3CGU,978807250X,5.0,1397433600,239,209
839,AV7UMGQ691DK1,978807250X,3.0,1371254400,904,209
840,A2QOSIWDC04CQE,9788072569,5.0,1366156800,447,210
841,AFGSFCRCRTDZW,9788072569,5.0,1362960000,805,210
842,A5I24CK8LXFGK,9788072569,5.0,1355788800,729,210
843,A1OUIKYDQEFYLD,9788072569,1.0,1373328000,182,210
844,A15X79PP60MX8I,9788072569,1.0,1361491200,46,210
845,A26VOR2AJIQACH,9788072569,5.0,1325548800,308,210
846,A22O1W9O7GZ4HQ,9788072569,5.0,1357776000,276,210
847,AHLGH2F0U2J1P,9788072569,5.0,1358208000,821,210
848,A3BZHI48MZWE7D,978807278X,3.0,1382918400,591,211
849,A2ZOBO61LUU9MX,9788072828,5.0,1344816000,504,212
850,AJB6NXJLATQLT,9788072895,5.0,1353974400,834,213
851,A2Y03TL0BHT9GP,9788072895,5.0,1357171200,494,213
852,A2K3J2X8KDY47N,9788072895,5.0,1336608000,405,213
853,A1RZ3K1WJGL4NQ,9788072895,5.0,1341273600,209,213
854,A2E3A2RVDKR771,9788072895,5.0,1351728000,361,213
855,AFBKNXXLDHAB1,9788072976,5.0,1399507200,801,214
856,A3SRKLG52BYLUK,9788072992,5.0,1334707200,692,215
857,A3PM6JNMDEVM7E,978807314X,5.0,1356825600,677,216
858,A4VK8BMGESPI5,9788073239,5.0,1359504000,725,217
859,A1O0DIGKJ86BHF,9788073247,5.0,1389398400,173,218
860,A2BLA13SDC5T4,9788073263,5.0,1404950400,340,219
861,AMT0DCOCA21RP,9788073263,1.0,1404864000,856,219
862,A1JM12YT8HJPIY,9788073263,4.0,1391904000,147,219
863,A3JQ6K6HMGJ1UJ,978807328X,5.0,1333238400,648,220
864,A1T6PQ4F5BMKLU,9788073328,5.0,1330732800,217,221
865,A2M465PCYH4GO,9788073409,5.0,1390867200,416,222
866,A285JA5679NN5R,9788073409,2.0,1369353600,317,222
867,AI0OVCUJR9OJ7,9788073409,4.0,1373760000,824,222
868,A1HOHCNICEHXMS,9788073409,2.0,1393718400,135,222
869,AFERMR9RNPIWQ,9788073409,5.0,1388793600,804,222
870,A1QWXTY2E1CL1M,9788073409,4.0,1376352000,196,222
871,A1W9QAR7P545IC,9788073409,5.0,1377734400,233,222
872,A2OABXN4XL95EZ,9788073409,1.0,1353542400,428,222
873,A19SYHAYNJ9JVK,9788073409,5.0,1386633600,72,222
874,A3UMZJNP10AYSY,9788073409,4.0,1393286400,702,222
875,A12VP1FB3XFE3X,9788073409,4.0,1384041600,28,222
876,A13H09FTCEJ3DT,9788073409,5.0,1365811200,31,222
877,A1DIFU982SVOWN,9788073409,5.0,1366934400,104,222
878,A2S5RNR6COYAET,9788073409,5.0,1391472000,455,222
879,AY807FN55W64H,9788073409,4.0,1391472000,935,222
880,A3FZMX1TWGZBN2,9788073409,5.0,1394582400,619,222
881,AV8B99IXQ8Y5P,9788073409,5.0,1390780800,905,222
882,AEW1MYAVRF9AV,9788073409,5.0,1389657600,796,222
883,A3HLTS6OQ0FSEU,9788073409,5.0,1370563200,636,222
884,A1Q9CAJYEXJVI5,9788073409,5.0,1373068800,189,222
885,A3CUXT1VPITD3Z,9788073417,5.0,1401926400,599,223
886,A3N0MV3L54UYYM,9788073417,5.0,1333152000,667,223
887,A197BFZ8BSVSO2,9788073417,5.0,1342051200,70,223
888,A32HJYC8GF242S,9788073417,5.0,1362787200,525,223
889,A18LPZUN80X919,9788073417,5.0,1389571200,65,223
890,A3HRQCE6UXGU6V,9788073476,5.0,1375660800,638,224
891,A1IMIQYOBRBG34,9788073476,4.0,1376092800,141,224
892,A1VZ46Z02VRPY0,9788073476,5.0,1382659200,232,224
893,A3T5G7XZPODEXS,9788073476,4.0,1340409600,696,224
894,A2IZAUI0ISLA85,9788073476,5.0,1398124800,397,224
895,A2W4RS26XT2O1S,9788073476,5.0,1383696000,483,224
896,A3KEZLJ59C1JVH,9788073476,5.0,1335916800,651,224
897,AFCD4K00EGXOB,9788073476,4.0,1381449600,802,224
898,ALZWGAK15U76X,9788073476,5.0,1359590400,852,224
899,A31EM66K6Z68KC,9788073476,5.0,1392422400,515,224
900,A3IACAOXMJ4AWJ,9788073476,4.0,1369008000,644,224
901,AZLYAJ8XE443K,9788073476,5.0,1395187200,945,224
902,A17P9WVPU4V6PN,9788073476,5.0,1382400000,56,224
903,AENZH8I66SN2H,9788073476,5.0,1391126400,793,224
904,A2JY2G1Y276N9X,9788073484,1.0,1341705600,402,225
905,A3L5UVIK1WPW9,9788073484,5.0,1362528000,655,225
906,A2KKKT4H1IWSI1,9788073492,4.0,1363305600,411,226
907,ABRMU6JBX6RBG,9788073514,5.0,1347321600,779,227
908,A3EM0Y7C1USH9C,9788073514,5.0,1376092800,613,227
909,A1LI7U7O30ZTS0,9788073514,5.0,1361404800,159,227
910,A1R5SZCC41T6BS,9788073514,4.0,1356652800,201,227
911,A1OJR3QWWI3SIP,9788073514,5.0,1390003200,179,227
912,A1E2DD77GZJWS0,9788073514,5.0,1378080000,109,227
913,A27C38RA5ODEPM,9788073565,5.0,1382400000,312,228
914,A38ZCQ9QE0M7VJ,9788073565,4.0,1353196800,566,228
915,A1CEEKM1DJNJLC,9788073840,1.0,1365984000,94,229
916,AQA1M1H49DVEN,9788073840,5.0,1341878400,877,229
917,A24N4FKHGD7DWT,9788073840,2.0,1341187200,289,229
918,A2EKFM9X9O00QZ,9788073840,1.0,1390348800,366,229
919,A25FKNAQ44EIT9,9788073840,5.0,1361059200,294,229
920,A18IG4QUWXM3EK,9788073840,5.0,1404950400,64,229
921,AEX8R21PA0SIT,9788073840,5.0,1381449600,798,229
922,AIF5FN49UOUI2,9788073840,4.0,1393027200,827,229
923,A1NUF0VO9F4DA5,9788073840,5.0,1360800000,172,229
924,A11KQ5BUQJQQXQ,9788073840,5.0,1359676800,14,229
925,A29UKEGELP56OH,9788073840,5.0,1355356800,330,229
926,A1DPZHFRQ0QO0L,9788073840,5.0,1380499200,106,229
927,A2TBR7OFH9LCJH,9788073840,5.0,1386633600,466,229
928,A17922269PBKN0,9788073840,4.0,1396396800,54,229
929,A1CX180P3XV2LK,9788073840,5.0,1404777600,98,229
930,A2TQ5X2N533FUV,9788073840,5.0,1357516800,467,229
931,A36FXHSXME1KHM,9788073840,5.0,1359244800,552,229
932,A1PI3FNO5WDWT8,9788073840,4.0,1359504000,185,229
933,A30IJLUCHAUVXP,9788073840,5.0,1359417600,509,229
934,A1A8S7LLTESNYX,9788073840,5.0,1389225600,75,229
935,A3O3J3ZTTBFFZL,9788073859,5.0,1359676800,673,230
936,A3D6VUXMZD4MFJ,9788073859,5.0,1357516800,601,230
937,A25M5BYKVESDFV,9788073859,5.0,1367798400,298,230
938,A2OM0YG07EG46K,9788073859,4.0,1378857600,431,230
939,A2FD3OSAUO10KC,9788073859,5.0,1354060800,377,230
940,A12712009FURQ7,9788073883,5.0,1383177600,24,231
941,A3A36DP9IJPRPF,9788074049,5.0,1383782400,577,232
942,A20K1KY98O39AJ,9788074286,5.0,1370044800,263,233
943,A1WC62CBNGZ0JO,9788074286,5.0,1359072000,234,233
944,AV8NAHORFJ89L,9788074286,5.0,1349654400,906,233
945,AHO0EM3FIG4JN,9788074286,5.0,1350691200,822,233
946,A3UDBOJWNL60SI,9788074286,5.0,1346457600,699,233
947,A35TXO343KBBA3,9788074286,5.0,1351641600,545,233
948,A2VLDZ8XJYETY6,9788074286,4.0,1360195200,479,233
949,A3DLT0BMEE365A,9788074359,5.0,1372291200,604,234
950,A1OCZ3L1AYALDL,9788074359,5.0,1355011200,178,234
951,A1YPM4GCO8I1W1,9788074359,4.0,1349481600,247,234
952,AOGJ43H5ZZPLM,9788074359,5.0,1356825600,863,234
953,A1RD20XYLN12SH,9788074359,3.0,1388361600,202,234
954,A35X23L1HE949R,9788074359,4.0,1387324800,546,234
955,A3BNGLUQXZ1KKA,9788074359,1.0,1355529600,588,234
956,A1KGBY16OOW8B9,9788074359,5.0,1400803200,152,234
957,A1FEU7BZ9KIN0G,9788074359,5.0,1380672000,119,234
958,A1MFI4ANYE70CO,9788074359,5.0,1352505600,163,234
959,A2X84CP4G541QE,9788074359,5.0,1357171200,490,234
960,A365JZ3HRICWVD,9788074359,5.0,1372636800,549,234
961,A25RLARPMG0V4Q,9788074367,4.0,1365552000,301,235
962,A3RQ6QXF6VQ6S6,9788074405,5.0,1355184000,682,236
963,ADI3IAXO8EH2E,9788074421,3.0,1363478400,788,237
964,A3A1U6WSSNW70X,9788074421,5.0,1401926400,575,237
965,A3UMVASITREVNQ,9788074421,1.0,1348963200,701,237
966,A3KEZLJ59C1JVH,9788074421,5.0,1351296000,651,237
967,A1MNSSE2ITIIGA,9788074421,5.0,1349136000,166,237
968,AXNY2ZN9PZ6WT,9788074553,3.0,1357776000,929,238
969,A1X8IHGTV6UAUA,9788074995,3.0,1381104000,240,239
970,AP8RB98O4BHCI,9788075363,4.0,1392422400,870,240
971,A1ZOSGXEP5AB8N,9788075509,2.0,1355097600,258,241
972,AR1K8G3CGD1QI,9788075584,5.0,1373328000,882,242
973,A1I0KD965AM5Z6,9788075622,5.0,1356480000,137,243
974,A39LUXG3UUL7ER,9788075622,4.0,1358121600,572,243
975,A1I0UF9XDVW6LS,9788075622,1.0,1356134400,138,243
976,A29CP88NRDGHP9,9788075622,5.0,1384300800,325,243
977,A2XTKRTDPMCSJH,9788075630,5.0,1391731200,492,244
978,A13ZNKJNVW0ZWZ,9788075630,5.0,1365552000,37,244
979,A85T1DDMF4OMD,9788075649,5.0,1355529600,747,245
980,A37J8XKLNOX2RO,9788075681,5.0,1386374400,559,246
981,A1QSOTG7XORCGN,978807572X,5.0,1372723200,193,247
982,A15VUTJ9QOJEEI,9788076025,5.0,1372464000,45,248
983,A3G7GGKJY868TX,9788076203,5.0,1389139200,623,249
984,A2DETKKJK1ZO8F,9788077021,5.0,1361923200,353,250
985,A1AAJGGLN1YG5Q,9788077315,5.0,1396051200,76,251
986,AUYIPQDAHNOBK,9788077382,2.0,1358035200,900,252
987,A3EN8SX1B1Z3IZ,9788077625,5.0,1379894400,614,253
988,ADXA5B6FX59W8,9788077927,2.0,1392163200,791,254
989,AKJRFNIHPE3EI,978807801X,5.0,1383091200,840,255
990,A2SKNJGP1X7IE1,9788078389,5.0,1391212800,458,256
991,A1UMLOFY7DN2Z6,9788078885,5.0,1398729600,225,257
992,AGZSDV2ZYC7YW,9788078885,2.0,1394928000,816,257
993,A3S5CEM6TF7I8S,9788078893,1.0,1396656000,686,258
994,A20LSQZJPJHB0H,9788078907,5.0,1399075200,265,259
995,A3317L1113QN7O,978807894X,5.0,1387843200,529,260
996,A3ABTLXPQP73TB,978807894X,3.0,1273276800,580,260
997,A2P2FTA24RAFBA,978807894X,5.0,1395014400,438,260
998,A2CB2CNAOCG97W,978807894X,5.0,1395014400,346,260
999,A29WP9HRKLQS0D,978807894X,5.0,1295740800,332,260
